nsdId,cocoId,cropBox
02950,000000262145,"(0, 0, 0.16640625, 0.16640625)"
02990,000000262239,"(0, 0, 0.1671875, 0.1671875)"
03049,000000262414,"(0, 0, 0.125, 0.125)"
03077,000000524646,"(0, 0, 0.1671875, 0.1671875)"
03146,000000262690,"(0, 0, 0.16640625, 0.16640625)"
03157,000000000584,"(0, 0, 0.1671875, 0.1671875)"
03164,000000000605,"(0, 0, 0.125, 0.125)"
03171,000000000625,"(0, 0, 0.1515625, 0.1515625)"
03181,000000000650,"(0, 0, 0.16640625, 0.16640625)"
03386,000000001308,"(0, 0, 0.1671875, 0.1671875)"
03434,000000263599,"(0, 0, 0.16796875, 0.16796875)"
03449,000000525790,"(0, 0, 0.1671875, 0.1671875)"
03489,000000525932,"(0, 0, 0.14765625, 0.14765625)"
03626,000000264244,"(0, 0.3359375, 0, 0)"
03682,000000264396,"(0, 0, 0.125, 0.125)"
03687,000000002270,"(0, 0, 0.125, 0.125)"
03729,000000002372,"(0, 0, 0.16640625, 0.16640625)"
03809,000000264735,"(0, 0, 0.16640625, 0.16640625)"
03842,000000526968,"(0, 0, 0.16796875, 0.16796875)"
03847,000000526980,"(0, 0, 0.16640625, 0.16640625)"
03856,000000274108,"(0, 0, 0.125, 0.125)"
03913,000000265023,"(0, 0, 0.125, 0.125)"
03951,000000265150,"(0.125, 0.125, 0, 0)"
04051,000000265453,"(0, 0, 0.13203125, 0.13203125)"
04058,000000527618,"(0, 0, 0.125, 0.125)"
04129,000000003521,"(0, 0.25, 0, 0)"
04156,000000265745,"(0, 0, 0.125, 0.125)"
04249,000000558788,"(0, 0, 0.16640625, 0.16640625)"
04423,000000004442,"(0, 0, 0.16640625, 0.16640625)"
04436,000000266622,"(0, 0, 0.0, 0.0)"
04667,000000267338,"(0, 0, 0.16640625, 0.16640625)"
04690,000000005277,"(0.16640625, 0.16640625, 0, 0)"
04768,000000267647,"(0, 0, 0.165625, 0.165625)"
04786,000000267699,"(0, 0, 0.12421875, 0.12421875)"
04835,000000005684,"(0, 0, 0.16640625, 0.16640625)"
04869,000000312536,"(0, 0, 0.125, 0.125)"
04892,000000268008,"(0, 0, 0.16640625, 0.16640625)"
04930,000000268114,"(0, 0, 0.125, 0.125)"
05034,000000268418,"(0, 0.334375, 0, 0)"
05106,000000268659,"(0.1671875, 0.1671875, 0, 0)"
05204,000000006765,"(0, 0, 0.16640625, 0.16640625)"
05301,000000531392,"(0.1390625, 0.1390625, 0, 0)"
05338,000000531515,"(0, 0.25, 0, 0)"
05459,000000011299,"(0, 0, 0.1671875, 0.1671875)"
05542,000000007932,"(0, 0.25, 0, 0)"
05583,000000008053,"(0, 0, 0.1546875, 0.1546875)"
05602,000000270278,"(0, 0, 0.16640625, 0.16640625)"
05714,000000532753,"(0, 0, 0.16640625, 0.16640625)"
05878,000000533231,"(0, 0, 0.16640625, 0.16640625)"
06199,000000534259,"(0, 0, 0.125, 0.125)"
06222,000000010046,"(0, 0, 0.125, 0.125)"
06431,000000010710,"(0, 0, 0.16640625, 0.16640625)"
06444,000000272901,"(0, 0, 0.16640625, 0.16640625)"
06489,000000010903,"(0.125, 0.125, 0, 0)"
06514,000000273120,"(0, 0, 0.1078125, 0.1078125)"
06521,000000273138,"(0, 0, 0.1671875, 0.1671875)"
06558,000000273250,"(0, 0.3328125, 0, 0)"
06713,000000535871,"(0, 0, 0.16640625, 0.16640625)"
06801,000000011856,"(0, 0, 0.15, 0.15)"
07007,000000536786,"(0, 0, 0.1671875, 0.1671875)"
07039,000000536884,"(0.165625, 0.165625, 0, 0)"
07120,000000274978,"(0, 0, 0.14921875, 0.14921875)"
07207,000000537393,"(0.125, 0.125, 0, 0)"
07336,000000275663,"(0, 0, 0.16640625, 0.16640625)"
07366,000000399878,"(0, 0, 0.1671875, 0.1671875)"
07409,000000275902,"(0, 0, 0.125, 0.125)"
07418,000000275938,"(0, 0.25, 0, 0)"
07480,000000013969,"(0, 0, 0.16484375, 0.16484375)"
07654,000000276664,"(0, 0, 0.165625, 0.165625)"
07659,000000538822,"(0, 0, 0.13046875, 0.13046875)"
07840,000000539340,"(0.125, 0.125, 0, 0)"
07859,000000539395,"(0, 0, 0.16640625, 0.16640625)"
07944,000000277524,"(0.165625, 0.165625, 0, 0)"
07948,000000570543,"(0, 0, 0.125, 0.125)"
07954,000000539705,"(0, 0, 0.16640625, 0.16640625)"
08006,000000539879,"(0, 0, 0.16640625, 0.16640625)"
08109,000000300383,"(0, 0, 0.16640625, 0.16640625)"
08204,000000540538,"(0, 0, 0.1671875, 0.1671875)"
08225,000000016314,"(0, 0, 0.16328125, 0.16328125)"
08262,000000278555,"(0, 0, 0.16484375, 0.16484375)"
08387,000000541077,"(0, 0, 0.125, 0.125)"
08394,000000278962,"(0, 0, 0.125, 0.125)"
08415,000000016898,"(0.125, 0.125, 0, 0)"
08435,000000541258,"(0.1578125, 0.1578125, 0, 0)"
08465,000000279197,"(0, 0, 0.16640625, 0.16640625)"
08509,000000541472,"(0, 0, 0.165625, 0.165625)"
08646,000000541856,"(0.00859375, 0.00859375, 0, 0)"
08807,000000017967,"(0, 0, 0.125, 0.125)"
08843,000000018078,"(0.16640625, 0.16640625, 0, 0)"
08925,000000280484,"(0, 0, 0.125, 0.125)"
08933,000000018367,"(0, 0.25, 0, 0)"
09027,000000280764,"(0, 0, 0.16640625, 0.16640625)"
09048,000000280808,"(0, 0, 0.16640625, 0.16640625)"
09147,000000543254,"(0, 0, 0.1671875, 0.1671875)"
09230,000000281330,"(0, 0, 0.16640625, 0.16640625)"
09434,000000544060,"(0, 0, 0.16640625, 0.16640625)"
09462,000000019863,"(0, 0, 0.1671875, 0.1671875)"
09722,000000544926,"(0, 0, 0.12578125, 0.12578125)"
09804,000000545160,"(0, 0, 0.16640625, 0.16640625)"
09847,000000571485,"(0, 0, 0.1046875, 0.1046875)"
09865,000000021095,"(0, 0, 0.125, 0.125)"
09917,000000283426,"(0, 0, 0.1671875, 0.1671875)"
09978,000000396793,"(0, 0, 0.16640625, 0.16640625)"
10006,000000283678,"(0, 0, 0.16640625, 0.16640625)"
10046,000000545950,"(0, 0.284375, 0, 0)"
10064,000000021718,"(0, 0, 0.165625, 0.165625)"
10105,000000546140,"(0, 0, 0.1671875, 0.1671875)"
10107,000000546147,"(0, 0, 0.16640625, 0.16640625)"
10244,000000022256,"(0.165625, 0.165625, 0, 0)"
10471,000000022964,"(0, 0, 0.14921875, 0.14921875)"
10507,000000547367,"(0, 0, 0.16640625, 0.16640625)"
10600,000000547644,"(0, 0, 0.125, 0.125)"
10610,000000023392,"(0, 0, 0.11171875, 0.11171875)"
10907,000000548593,"(0, 0, 0.16640625, 0.16640625)"
11159,000000549301,"(0, 0.25, 0, 0)"
11333,000000549830,"(0, 0, 0.125, 0.125)"
11487,000000026029,"(0, 0, 0.16484375, 0.16484375)"
11521,000000550396,"(0, 0, 0.16640625, 0.16640625)"
11566,000000288372,"(0, 0, 0.1671875, 0.1671875)"
11617,000000026388,"(0, 0, 0.16640625, 0.16640625)"
11635,000000026443,"(0, 0, 0.09296875, 0.09296875)"
11689,000000288751,"(0, 0, 0.16640625, 0.16640625)"
11725,000000026702,"(0.16640625, 0.16640625, 0, 0)"
11796,000000551164,"(0.16796875, 0.16796875, 0, 0)"
11837,000000027002,"(0, 0, 0.1671875, 0.1671875)"
11844,000000027030,"(0.125, 0.125, 0, 0)"
11932,000000354070,"(0, 0, 0.16484375, 0.16484375)"
11942,000000027298,"(0, 0, 0.125, 0.125)"
11952,000000289460,"(0.16640625, 0.16640625, 0, 0)"
12075,000000027665,"(0, 0, 0.125, 0.125)"
12308,000000552589,"(0.03515625, 0.03515625, 0, 0)"
12487,000000553150,"(0, 0, 0.125, 0.125)"
12634,000000553586,"(0, 0, 0.16640625, 0.16640625)"
12685,000000291560,"(0, 0, 0.07734375, 0.07734375)"
12796,000000029730,"(0, 0, 0.16484375, 0.16484375)"
12798,000000029732,"(0, 0, 0.125, 0.125)"
12922,000000030109,"(0, 0, 0.1265625, 0.1265625)"
13138,000000292845,"(0, 0.3140625, 0, 0)"
13230,000000293130,"(0, 0, 0.165625, 0.165625)"
13312,000000293368,"(0, 0, 0.1671875, 0.1671875)"
13314,000000293372,"(0, 0, 0.08984375, 0.08984375)"
13613,000000032134,"(0, 0.3328125, 0, 0)"
13653,000000556542,"(0, 0, 0.0, 0.0)"
13662,000000032275,"(0, 0, 0.125, 0.125)"
13720,000000556748,"(0, 0, 0.11796875, 0.11796875)"
13846,000000032809,"(0, 0, 0.165625, 0.165625)"
14110,000000557848,"(0.14296875, 0.14296875, 0, 0)"
14121,000000557886,"(0, 0, 0.16640625, 0.16640625)"
14165,000000033727,"(0, 0, 0.16640625, 0.16640625)"
14179,000000033764,"(0, 0, 0.16640625, 0.16640625)"
14443,000000558822,"(0, 0, 0.125, 0.125)"
14528,000000559816,"(0.1125, 0.1125, 0, 0)"
14594,000000559225,"(0, 0, 0.1671875, 0.1671875)"
14610,000000297154,"(0, 0, 0.16640625, 0.16640625)"
14644,000000573830,"(0, 0, 0.16796875, 0.16796875)"
14793,000000355458,"(0, 0.178125, 0, 0)"
14808,000000559958,"(0, 0, 0.16796875, 0.16796875)"
14820,000000297844,"(0, 0, 0.16796875, 0.16796875)"
14898,000000035927,"(0, 0, 0.16640625, 0.16640625)"
14931,000000298170,"(0, 0, 0.03828125, 0.03828125)"
15003,000000298395,"(0.125, 0.125, 0, 0)"
15025,000000006053,"(0, 0, 0.033, 0.033)"
15128,000000036589,"(0, 0.33125, 0, 0)"
15364,000000037358,"(0, 0, 0.16640625, 0.16640625)"
15492,000000037779,"(0, 0, 0.125, 0.125)"
15506,000000037823,"(0, 0, 0.125, 0.125)"
15793,000000300881,"(0, 0, 0.16640625, 0.16640625)"
15819,000000038801,"(0, 0, 0.165625, 0.165625)"
15939,000000039196,"(0, 0, 0.16640625, 0.16640625)"
16063,000000225054,"(0, 0.25, 0, 0)"
16252,000000564465,"(0, 0, 0.125, 0.125)"
16344,000000302588,"(0, 0, 0.1671875, 0.1671875)"
16466,000000574784,"(0, 0.3328125, 0, 0)"
16616,000000303392,"(0, 0, 0.16796875, 0.16796875)"
16702,000000565834,"(0, 0, 0.1640625, 0.1640625)"
16723,000000041606,"(0, 0, 0.16796875, 0.16796875)"
16823,000000566201,"(0, 0, 0.1671875, 0.1671875)"
16841,000000566261,"(0, 0, 0.1671875, 0.1671875)"
16917,000000263276,"(0, 0, 0.125, 0.125)"
17048,000000042578,"(0, 0, 0.125, 0.125)"
17230,000000043150,"(0, 0.25, 0, 0)"
17238,000000043176,"(0, 0, 0.16640625, 0.16640625)"
17369,000000305685,"(0, 0, 0.15546875, 0.15546875)"
17374,000000567837,"(0, 0, 0.125, 0.125)"
17450,000000043776,"(0, 0, 0.14296875, 0.14296875)"
17463,000000043815,"(0, 0, 0.125, 0.125)"
17485,000000306031,"(0.165625, 0.165625, 0, 0)"
17549,000000306249,"(0, 0, 0.10078125, 0.10078125)"
17595,000000225829,"(0, 0, 0.16796875, 0.16796875)"
17776,000000306988,"(0, 0, 0.165625, 0.165625)"
17794,000000569196,"(0, 0, 0.16640625, 0.16640625)"
17934,000000219735,"(0, 0, 0.125, 0.125)"
17942,000000569645,"(0, 0, 0.16796875, 0.16796875)"
18268,000000575701,"(0, 0, 0.16640625, 0.16640625)"
18434,000000308950,"(0, 0, 0.12421875, 0.12421875)"
18483,000000309135,"(0, 0, 0.14921875, 0.14921875)"
18505,000000309192,"(0, 0, 0.16640625, 0.16640625)"
18543,000000571499,"(0, 0, 0.15625, 0.15625)"
18690,000000047638,"(0, 0, 0.125, 0.125)"
18796,000000572215,"(0, 0, 0.165625, 0.165625)"
19074,000000310870,"(0, 0, 0.16640625, 0.16640625)"
19181,000000573337,"(0, 0, 0.16640625, 0.16640625)"
19199,000000270325,"(0, 0, 0.125, 0.125)"
19200,000000311232,"(0, 0, 0.16640625, 0.16640625)"
19292,000000532520,"(0.1265625, 0.1265625, 0, 0)"
19436,000000312003,"(0, 0, 0.15859375, 0.15859375)"
19690,000000050624,"(0.125, 0.125, 0, 0)"
19933,000000313480,"(0, 0, 0.16640625, 0.16640625)"
20054,000000575971,"(0, 0.25, 0, 0)"
20080,000000051774,"(0, 0, 0.16640625, 0.16640625)"
20206,000000560396,"(0, 0, 0.1671875, 0.1671875)"
20223,000000314379,"(0, 0, 0.1671875, 0.1671875)"
20265,000000052348,"(0, 0.25, 0, 0)"
20307,000000576749,"(0, 0.1875, 0, 0)"
20442,000000576789,"(0, 0, 0.16640625, 0.16640625)"
20633,000000455691,"(0, 0, 0.125, 0.125)"
20650,000000577817,"(0, 0.3328125, 0, 0)"
20702,000000577964,"(0, 0, 0.125, 0.125)"
20738,000000053778,"(0, 0, 0.1265625, 0.1265625)"
20820,000000054001,"(0, 0, 0.125, 0.125)"
21108,000000317061,"(0, 0.334375, 0, 0)"
21192,000000055184,"(0, 0.25, 0, 0)"
21194,000000009199,"(0, 0, 0.125, 0.125)"
21197,000000055206,"(0, 0, 0.125, 0.125)"
21218,000000055294,"(0, 0, 0.125, 0.125)"
21253,000000055402,"(0, 0, 0.125, 0.125)"
21279,000000055514,"(0, 0, 0.165625, 0.165625)"
21508,000000318381,"(0, 0, 0.125, 0.125)"
21526,000000318444,"(0, 0, 0.165625, 0.165625)"
21553,000000001877,"(0, 0, 0.125, 0.125)"
21601,000000580813,"(0, 0, 0.16640625, 0.16640625)"
21950,000000057631,"(0, 0.253125, 0, 0)"
21989,000000057796,"(0, 0, 0.16640625, 0.16640625)"
22138,000000320533,"(0.125, 0.125, 0, 0)"
22143,000000058407,"(0, 0, 0.10625, 0.10625)"
22155,000000058465,"(0, 0, 0.125, 0.125)"
22263,000000359337,"(0, 0, 0.125, 0.125)"
22387,000000059321,"(0, 0, 0.16640625, 0.16640625)"
22495,000000321902,"(0, 0, 0.16796875, 0.16796875)"
22505,000000403184,"(0, 0, 0.12421875, 0.12421875)"
22515,000000322008,"(0, 0, 0.16640625, 0.16640625)"
22523,000000009983,"(0, 0, 0.16640625, 0.16640625)"
22530,000000009987,"(0, 0, 0.1671875, 0.1671875)"
22585,000000322246,"(0, 0, 0.125, 0.125)"
22587,000000322255,"(0, 0.2859375, 0, 0)"
22772,000000323010,"(0, 0, 0.16640625, 0.16640625)"
22782,000000053842,"(0.1265625, 0.1265625, 0, 0)"
22794,000000359687,"(0, 0, 0.121875, 0.121875)"
22809,000000323182,"(0.09765625, 0.09765625, 0, 0)"
22845,000000061174,"(0.16640625, 0.16640625, 0, 0)"
22873,000000323397,"(0, 0, 0.1671875, 0.1671875)"
22879,000000061266,"(0, 0, 0.125, 0.125)"
22886,000000061288,"(0, 0.33125, 0, 0)"
22957,000000061559,"(0, 0, 0.16640625, 0.16640625)"
22967,000000534553,"(0, 0, 0.16640625, 0.16640625)"
22993,000000490875,"(0, 0, 0.16640625, 0.16640625)"
23036,000000323970,"(0, 0, 0.16640625, 0.16640625)"
23241,000000062547,"(0, 0, 0.125, 0.125)"
23492,000000325710,"(0, 0, 0.125, 0.125)"
23715,000000010743,"(0, 0, 0.16640625, 0.16640625)"
23729,000000064534,"(0, 0, 0.125, 0.125)"
23871,000000065012,"(0, 0, 0.16796875, 0.16796875)"
24202,000000066253,"(0, 0, 0.125, 0.125)"
24214,000000328454,"(0.0625, 0.0625, 0, 0)"
24264,000000328628,"(0, 0, 0.0, 0.0)"
24317,000000066696,"(0, 0, 0.16640625, 0.16640625)"
24480,000000067347,"(0, 0, 0.16640625, 0.16640625)"
24517,000000281575,"(0, 0, 0.16640625, 0.16640625)"
24530,000000329641,"(0, 0, 0.125, 0.125)"
24560,000000067623,"(0, 0, 0.125, 0.125)"
24638,000000330084,"(0, 0, 0.1671875, 0.1671875)"
24640,000000330086,"(0, 0, 0.125, 0.125)"
24649,000000067961,"(0, 0, 0.1671875, 0.1671875)"
24739,000000068238,"(0, 0, 0.1671875, 0.1671875)"
24740,000000011373,"(0, 0, 0.125, 0.125)"
24787,000000055090,"(0, 0.25, 0, 0)"
24846,000000068623,"(0, 0, 0.125, 0.125)"
25059,000000246728,"(0, 0, 0.125, 0.125)"
25091,000000069625,"(0, 0, 0.1671875, 0.1671875)"
25111,000000069705,"(0, 0, 0.16640625, 0.16640625)"
25250,000000332448,"(0.16640625, 0.16640625, 0, 0)"
25268,000000332498,"(0.14296875, 0.14296875, 0, 0)"
25284,000000070421,"(0.125, 0.125, 0, 0)"
25287,000000332574,"(0, 0, 0.125, 0.125)"
25318,000000332692,"(0, 0, 0.125, 0.125)"
25319,000000002349,"(0, 0, 0.0109375, 0.0109375)"
25371,000000332875,"(0, 0, 0.125, 0.125)"
25454,000000333152,"(0, 0, 0.1, 0.1)"
25570,000000071429,"(0, 0, 0.125, 0.125)"
25578,000000333615,"(0, 0, 0.15703125, 0.15703125)"
25581,000000333629,"(0, 0, 0.125, 0.125)"
25588,000000333654,"(0, 0, 0.125, 0.125)"
25602,000000579906,"(0, 0, 0.16796875, 0.16796875)"
25693,000000334011,"(0, 0, 0.13984375, 0.13984375)"
25702,000000334048,"(0.115625, 0.115625, 0, 0)"
25741,000000334208,"(0, 0, 0.125, 0.125)"
25746,000000072095,"(0, 0, 0.125, 0.125)"
25881,000000334772,"(0, 0, 0.125, 0.125)"
25906,000000072715,"(0, 0, 0.16640625, 0.16640625)"
25959,000000335063,"(0, 0, 0.165625, 0.165625)"
26119,000000492851,"(0, 0, 0.125, 0.125)"
26127,000000335688,"(0.033, 0.033, 0, 0)"
26163,000000335824,"(0, 0, 0.125, 0.125)"
26292,000000281567,"(0, 0, 0.12421875, 0.12421875)"
26307,000000336374,"(0, 0, 0.16640625, 0.16640625)"
26351,000000074390,"(0, 0, 0.14296875, 0.14296875)"
26372,000000074461,"(0, 0.3328125, 0, 0)"
26435,000000074714,"(0, 0, 0.16484375, 0.16484375)"
26458,000000074828,"(0, 0, 0.16640625, 0.16640625)"
26598,000000337479,"(0, 0, 0.125, 0.125)"
26720,000000274776,"(0, 0, 0.1671875, 0.1671875)"
26780,000000338169,"(0, 0.3328125, 0, 0)"
26895,000000076476,"(0, 0, 0.1671875, 0.1671875)"
26909,000000338670,"(0, 0, 0.1421875, 0.1421875)"
26971,000000012795,"(0, 0.225, 0, 0)"
26990,000000338987,"(0, 0.3328125, 0, 0)"
27242,000000077870,"(0.33125, 0.0, 0, 0)"
27275,000000078000,"(0.16640625, 0.16640625, 0, 0)"
27287,000000078042,"(0, 0.3359375, 0, 0)"
27326,000000340317,"(0, 0.334375, 0, 0)"
27435,000000340734,"(0, 0, 0.125, 0.125)"
27568,000000079111,"(0, 0, 0.16640625, 0.16640625)"
27580,000000275335,"(0.125, 0.125, 0, 0)"
27830,000000080084,"(0, 0, 0.0, 0.0)"
27878,000000080275,"(0, 0, 0.16640625, 0.16640625)"
27972,000000080619,"(0, 0.3328125, 0, 0)"
28024,000000008471,"(0, 0, 0.16796875, 0.16796875)"
28068,000000080987,"(0, 0, 0.125, 0.125)"
28096,000000081105,"(0, 0, 0.16640625, 0.16640625)"
28159,000000081365,"(0, 0, 0.125, 0.125)"
28189,000000081474,"(0, 0, 0.16640625, 0.16640625)"
28286,000000081841,"(0, 0, 0.125, 0.125)"
28319,000000081961,"(0, 0.25, 0, 0)"
28325,000000081995,"(0, 0, 0.1046875, 0.1046875)"
28341,000000450584,"(0, 0, 0.165625, 0.165625)"
28349,000000319517,"(0, 0.3296875, 0, 0)"
28418,000000569678,"(0, 0, 0.16796875, 0.16796875)"
28487,000000082650,"(0, 0, 0.125, 0.125)"
28524,000000082770,"(0.125, 0.125, 0, 0)"
28595,000000345149,"(0, 0, 0.125, 0.125)"
28689,000000083393,"(0.1671875, 0.1671875, 0, 0)"
28745,000000345725,"(0, 0, 0.16640625, 0.16640625)"
28751,000000345751,"(0, 0, 0.09296875, 0.09296875)"
28755,000000083632,"(0.16640625, 0.16640625, 0, 0)"
28898,000000084174,"(0, 0, 0.125, 0.125)"
29021,000000346795,"(0, 0, 0.1671875, 0.1671875)"
29381,000000348204,"(0, 0, 0.0, 0.0)"
29568,000000086811,"(0, 0, 0.11796875, 0.11796875)"
29663,000000087146,"(0, 0, 0.16640625, 0.16640625)"
29711,000000087334,"(0, 0, 0.125, 0.125)"
29837,000000087871,"(0, 0, 0.125, 0.125)"
29886,000000320508,"(0, 0, 0.121875, 0.121875)"
29919,000000350299,"(0, 0, 0.165625, 0.165625)"
29980,000000088414,"(0, 0, 0.125, 0.125)"
30081,000000088835,"(0, 0, 0.16640625, 0.16640625)"
30373,000000089908,"(0, 0.25, 0, 0)"
30395,000000352129,"(0, 0, 0.165625, 0.165625)"
30407,000000189765,"(0, 0, 0.125, 0.125)"
30430,000000352236,"(0.16484375, 0.16484375, 0, 0)"
30563,000000352724,"(0, 0, 0.0787037037037037, 0.0787037037037037)"
30601,000000352861,"(0, 0, 0.14609375, 0.14609375)"
30632,000000090827,"(0, 0, 0.125, 0.125)"
30672,000000090994,"(0, 0, 0.16640625, 0.16640625)"
30847,000000408492,"(0.16640625, 0.16640625, 0, 0)"
30856,000000364806,"(0, 0, 0.125, 0.125)"
30887,000000091784,"(0, 0, 0.16796875, 0.16796875)"
30922,000000354045,"(0, 0, 0.16640625, 0.16640625)"
30954,000000092001,"(0, 0.3328125, 0, 0)"
31028,000000092221,"(0, 0, 0.05625, 0.05625)"
31049,000000092288,"(0, 0, 0.1671875, 0.1671875)"
31064,000000092353,"(0, 0.056, 0, 0)"
31123,000000354761,"(0.125, 0.125, 0, 0)"
31233,000000059194,"(0, 0, 0.16796875, 0.16796875)"
31659,000000356771,"(0, 0, 0.125, 0.125)"
31747,000000357074,"(0, 0, 0.1671875, 0.1671875)"
31782,000000357228,"(0, 0, 0.1, 0.1)"
31801,000000095176,"(0, 0, 0.125, 0.125)"
31837,000000095337,"(0.125, 0.125, 0, 0)"
31936,000000357865,"(0.125, 0.125, 0, 0)"
31964,000000095828,"(0, 0, 0.125, 0.125)"
32053,000000096161,"(0, 0, 0.125, 0.125)"
32232,000000359085,"(0, 0, 0.1671875, 0.1671875)"
32303,000000097201,"(0.16640625, 0.16640625, 0, 0)"
32307,000000097218,"(0, 0, 0.125, 0.125)"
32625,000000098480,"(0, 0, 0.125, 0.125)"
32643,000000060117,"(0, 0, 0.1625, 0.1625)"
32716,000000147547,"(0, 0, 0.1671875, 0.1671875)"
32771,000000361193,"(0.16640625, 0.16640625, 0, 0)"
32772,000000361197,"(0, 0, 0.125, 0.125)"
32891,000000361648,"(0, 0, 0.125, 0.125)"
32910,000000099580,"(0, 0, 0.125, 0.125)"
33131,000000100396,"(0, 0, 0.125, 0.125)"
33171,000000362677,"(0.165625, 0.165625, 0, 0)"
33189,000000100599,"(0, 0, 0.16640625, 0.16640625)"
33245,000000100863,"(0.125, 0.125, 0, 0)"
33289,000000101069,"(0, 0, 0.125, 0.125)"
33521,000000101952,"(0, 0, 0.16796875, 0.16796875)"
33543,000000570785,"(0.1671875, 0.1671875, 0, 0)"
33813,000000365218,"(0, 0.25, 0, 0)"
33906,000000103366,"(0, 0, 0.16640625, 0.16640625)"
34068,000000366146,"(0, 0, 0.1671875, 0.1671875)"
34080,000000104044,"(0, 0, 0.125, 0.125)"
34089,000000104081,"(0, 0, 0.0, 0.0)"
34126,000000366396,"(0, 0.33125, 0, 0)"
34186,000000104502,"(0.165625, 0.165625, 0, 0)"
34238,000000366802,"(0, 0, 0.1671875, 0.1671875)"
34418,000000367552,"(0, 0, 0.125, 0.125)"
34603,000000106107,"(0, 0, 0.165625, 0.165625)"
34829,000000369171,"(0, 0, 0.165625, 0.165625)"
34845,000000369230,"(0, 0, 0.11640625, 0.11640625)"
34850,000000369253,"(0, 0, 0.1671875, 0.1671875)"
34874,000000107204,"(0, 0.25, 0, 0)"
34975,000000017935,"(0, 0, 0.16640625, 0.16640625)"
35129,000000370369,"(0, 0, 0.1328125, 0.1328125)"
35743,000000110611,"(0, 0, 0.125, 0.125)"
35752,000000372775,"(0.16640625, 0.16640625, 0, 0)"
35790,000000110780,"(0, 0, 0.16796875, 0.16796875)"
35798,000000372959,"(0, 0, 0.1671875, 0.1671875)"
35986,000000373679,"(0.125, 0.125, 0, 0)"
36067,000000373970,"(0, 0, 0.16640625, 0.16640625)"
36258,000000112734,"(0.16640625, 0.16640625, 0, 0)"
36476,000000113593,"(0.0984375, 0.0984375, 0, 0)"
36569,000000114035,"(0, 0.25, 0, 0)"
36576,000000114077,"(0, 0, 0.125, 0.125)"
36623,000000376407,"(0, 0, 0.16640625, 0.16640625)"
36682,000000376643,"(0, 0, 0.12265625, 0.12265625)"
36731,000000376858,"(0, 0, 0.103125, 0.103125)"
36759,000000114822,"(0, 0, 0.125, 0.125)"
36910,000000377576,"(0, 0, 0.125, 0.125)"
36945,000000377703,"(0.125, 0.125, 0, 0)"
36974,000000115637,"(0, 0, 0.15390625, 0.15390625)"
36978,000000115649,"(0, 0, 0.16640625, 0.16640625)"
37059,000000115967,"(0, 0, 0.125, 0.125)"
37221,000000116588,"(0, 0, 0.16796875, 0.16796875)"
37224,000000116603,"(0, 0, 0.16640625, 0.16640625)"
37436,000000150636,"(0, 0.2, 0, 0)"
37494,000000379713,"(0, 0.3328125, 0, 0)"
37608,000000380227,"(0, 0.25, 0, 0)"
37736,000000380729,"(0, 0, 0.10625, 0.10625)"
37801,000000380989,"(0, 0, 0.0, 0.0)"
38022,000000119669,"(0, 0, 0.125, 0.125)"
38025,000000575164,"(0, 0.3328125, 0, 0)"
38060,000000381961,"(0, 0, 0.16640625, 0.16640625)"
38246,000000353175,"(0, 0, 0.16640625, 0.16640625)"
38297,000000382890,"(0, 0, 0.125, 0.125)"
38310,000000382951,"(0, 0, 0.1671875, 0.1671875)"
38358,000000120987,"(0.16796875, 0.16796875, 0, 0)"
38483,000000383641,"(0, 0, 0.16640625, 0.16640625)"
38486,000000383652,"(0.16640625, 0.16640625, 0, 0)"
38494,000000413472,"(0, 0, 0.16640625, 0.16640625)"
38641,000000384235,"(0, 0, 0.16640625, 0.16640625)"
38794,000000544738,"(0, 0, 0.165625, 0.165625)"
38817,000000122776,"(0, 0, 0.1671875, 0.1671875)"
38829,000000122811,"(0, 0, 0.125, 0.125)"
38853,000000282631,"(0, 0, 0.125, 0.125)"
38978,000000282707,"(0, 0, 0.05, 0.05)"
39058,000000385864,"(0.125, 0.125, 0, 0)"
39289,000000124711,"(0, 0, 0.1265625, 0.1265625)"
39298,000000124747,"(0, 0, 0.125, 0.125)"
39369,000000125042,"(0, 0, 0.16796875, 0.16796875)"
39402,000000387318,"(0, 0, 0.1265625, 0.1265625)"
39509,000000125586,"(0, 0, 0.1671875, 0.1671875)"
39553,000000125725,"(0, 0, 0.125, 0.125)"
39841,000000388980,"(0, 0.1921875, 0, 0)"
39997,000000389582,"(0, 0, 0.16640625, 0.16640625)"
40153,000000390120,"(0, 0, 0.16640625, 0.16640625)"
40235,000000239828,"(0, 0.3328125, 0, 0)"
40423,000000129060,"(0, 0, 0.125, 0.125)"
40548,000000391678,"(0, 0, 0.125, 0.125)"
40575,000000391754,"(0, 0, 0.125, 0.125)"
40721,000000130181,"(0.165625, 0.165625, 0, 0)"
40770,000000392556,"(0, 0, 0.1390625, 0.1390625)"
40840,000000130681,"(0, 0, 0.125, 0.125)"
40846,000000392851,"(0, 0, 0.16640625, 0.16640625)"
40909,000000196584,"(0, 0, 0.125, 0.125)"
40924,000000130973,"(0, 0, 0.16640625, 0.16640625)"
40935,000000131011,"(0, 0, 0.033, 0.033)"
40979,000000021826,"(0, 0, 0.125, 0.125)"
41056,000000131524,"(0.1671875, 0.1671875, 0, 0)"
41097,000000284089,"(0, 0, 0.16640625, 0.16640625)"
41116,000000131763,"(0, 0, 0.125, 0.125)"
41137,000000394008,"(0.16796875, 0.16796875, 0, 0)"
41162,000000131967,"(0, 0, 0.1671875, 0.1671875)"
41482,000000133281,"(0, 0, 0.165625, 0.165625)"
41566,000000395758,"(0, 0, 0.16640625, 0.16640625)"
41653,000000066014,"(0, 0, 0.125, 0.125)"
41710,000000134169,"(0, 0, 0.00625, 0.00625)"
41778,000000396550,"(0, 0, 0.125, 0.125)"
41814,000000134562,"(0, 0, 0.1671875, 0.1671875)"
41927,000000135032,"(0, 0, 0.16640625, 0.16640625)"
42007,000000135316,"(0, 0, 0.16796875, 0.16796875)"
42126,000000022627,"(0.1265625, 0.1265625, 0, 0)"
42166,000000398083,"(0, 0.253125, 0, 0)"
42171,000000135965,"(0, 0, 0.16640625, 0.16640625)"
42214,000000136111,"(0.16640625, 0.16640625, 0, 0)"
42224,000000136142,"(0, 0, 0.125, 0.125)"
42299,000000398540,"(0, 0, 0.16640625, 0.16640625)"
42473,000000399162,"(0.125, 0.125, 0, 0)"
42563,000000197656,"(0, 0, 0.1671875, 0.1671875)"
42642,000000399835,"(0, 0, 0.16640625, 0.16640625)"
42648,000000137706,"(0, 0, 0.16640625, 0.16640625)"
42697,000000399984,"(0, 0, 0.125, 0.125)"
42781,000000138153,"(0.06, 0.06, 0, 0)"
42851,000000400581,"(0, 0, 0.165625, 0.165625)"
42912,000000229233,"(0, 0, 0.125, 0.125)"
42946,000000138785,"(0, 0, 0.165625, 0.165625)"
42980,000000138904,"(0.12890625, 0.12890625, 0, 0)"
43107,000000139344,"(0, 0, 0.16640625, 0.16640625)"
43157,000000401699,"(0, 0, 0.16640625, 0.16640625)"
43159,000000139561,"(0, 0, 0.1234375, 0.1234375)"
43164,000000401720,"(0, 0.334375, 0, 0)"
43224,000000139815,"(0, 0, 0.1671875, 0.1671875)"
43250,000000402057,"(0, 0, 0.007, 0.007)"
43428,000000140590,"(0.125, 0.125, 0, 0)"
43445,000000285588,"(0, 0.334375, 0, 0)"
43465,000000140724,"(0, 0.1890625, 0, 0)"
43500,000000154556,"(0, 0, 0.16796875, 0.16796875)"
43619,000000403535,"(0, 0, 0.16640625, 0.16640625)"
43675,000000403739,"(0, 0, 0.165625, 0.165625)"
43689,000000403789,"(0, 0, 0.0, 0.0)"
43746,000000404007,"(0.125, 0.125, 0, 0)"
43818,000000404282,"(0.16640625, 0.16640625, 0, 0)"
43820,000000504289,"(0.125, 0.125, 0, 0)"
43852,000000196777,"(0, 0, 0.125, 0.125)"
43950,000000404823,"(0, 0, 0.16640625, 0.16640625)"
43984,000000142803,"(0, 0, 0.1671875, 0.1671875)"
44052,000000405215,"(0.125, 0.125, 0, 0)"
44097,000000143245,"(0.03125, 0.03125, 0, 0)"
44107,000000405437,"(0, 0.334375, 0, 0)"
44138,000000388853,"(0, 0, 0.125, 0.125)"
44144,000000143420,"(0, 0, 0.0, 0.0)"
44184,000000143594,"(0, 0, 0.16640625, 0.16640625)"
44369,000000406445,"(0, 0, 0.12734375, 0.12734375)"
44412,000000406595,"(0, 0, 0.165625, 0.165625)"
44705,000000407778,"(0, 0, 0.1671875, 0.1671875)"
44720,000000461187,"(0, 0, 0.16640625, 0.16640625)"
44736,000000504888,"(0, 0, 0.1671875, 0.1671875)"
44844,000000146256,"(0, 0, 0.15859375, 0.15859375)"
44971,000000408922,"(0, 0, 0.1671875, 0.1671875)"
44980,000000408965,"(0, 0, 0.125, 0.125)"
45129,000000147331,"(0, 0.3328125, 0, 0)"
45213,000000147694,"(0, 0, 0.165625, 0.165625)"
45356,000000148263,"(0.0734375, 0.0734375, 0, 0)"
45595,000000149221,"(0, 0.25, 0, 0)"
45632,000000411475,"(0, 0, 0.1671875, 0.1671875)"
45750,000000149810,"(0, 0, 0.16484375, 0.16484375)"
45837,000000153394,"(0, 0, 0.16640625, 0.16640625)"
45843,000000150196,"(0, 0, 0.125, 0.125)"
45945,000000150559,"(0, 0, 0.0, 0.0)"
45981,000000412855,"(0, 0, 0.16640625, 0.16640625)"
45982,000000412857,"(0, 0, 0.16640625, 0.16640625)"
45999,000000369367,"(0, 0, 0.125, 0.125)"
46002,000000412922,"(0, 0, 0.125, 0.125)"
46036,000000150931,"(0, 0, 0.165625, 0.165625)"
46136,000000151307,"(0.1671875, 0.1671875, 0, 0)"
46150,000000462134,"(0, 0.3265625, 0, 0)"
46160,000000151414,"(0, 0, 0.125, 0.125)"
46274,000000068996,"(0, 0, 0.125, 0.125)"
46321,000000414176,"(0, 0, 0.16640625, 0.16640625)"
46372,000000152273,"(0, 0, 0.125, 0.125)"
46380,000000152328,"(0, 0, 0.125, 0.125)"
46460,000000549729,"(0, 0, 0.125, 0.125)"
46462,000000506039,"(0, 0, 0.125, 0.125)"
46523,000000415026,"(0, 0, 0.1421875, 0.1421875)"
46642,000000162230,"(0, 0, 0.15390625, 0.15390625)"
46806,000000154011,"(0, 0, 0.16640625, 0.16640625)"
46835,000000416279,"(0, 0, 0.16796875, 0.16796875)"
46861,000000154207,"(0.1671875, 0.1671875, 0, 0)"
47033,000000416972,"(0, 0, 0.125, 0.125)"
47070,000000417141,"(0, 0, 0.125, 0.125)"
47099,000000417264,"(0, 0, 0.125, 0.125)"
47290,000000418115,"(0, 0, 0.16640625, 0.16640625)"
47293,000000419212,"(0, 0, 0.10859375, 0.10859375)"
47321,000000156084,"(0, 0, 0.03125, 0.03125)"
47408,000000113449,"(0, 0, 0.16640625, 0.16640625)"
47598,000000157119,"(0, 0, 0.165625, 0.165625)"
47600,000000157125,"(0, 0, 0.125, 0.125)"
47614,000000157181,"(0, 0, 0.1671875, 0.1671875)"
47687,000000419586,"(0, 0, 0.165625, 0.165625)"
48157,000000563961,"(0.125, 0.125, 0, 0)"
48260,000000159680,"(0, 0, 0.125, 0.125)"
48374,000000422268,"(0, 0, 0.16640625, 0.16640625)"
48393,000000160181,"(0, 0, 0.1265625, 0.1265625)"
48422,000000463620,"(0, 0, 0.16640625, 0.16640625)"
48508,000000551063,"(0, 0, 0.14609375, 0.14609375)"
48530,000000160735,"(0, 0, 0.1609375, 0.1609375)"
48617,000000161062,"(0, 0, 0.15, 0.15)"
48618,000000423209,"(0, 0, 0.16796875, 0.16796875)"
48622,000000423222,"(0.16640625, 0.16640625, 0, 0)"
48679,000000161328,"(0, 0.3328125, 0, 0)"
48681,000000423488,"(0, 0, 0.125, 0.125)"
48832,000000424110,"(0, 0, 0.125, 0.125)"
48839,000000424138,"(0, 0, 0.125, 0.125)"
49076,000000425135,"(0.16796875, 0.16796875, 0, 0)"
49156,000000163263,"(0, 0.246875, 0, 0)"
49234,000000425712,"(0, 0, 0.125, 0.125)"
49466,000000164502,"(0.1578125, 0.1578125, 0, 0)"
49480,000000164564,"(0, 0, 0.0, 0.3328125)"
49622,000000485595,"(0, 0, 0.125, 0.125)"
49731,000000427729,"(0, 0, 0.125, 0.125)"
49944,000000428605,"(0, 0.33125, 0, 0)"
49955,000000166489,"(0, 0, 0.3328125, 0.0)"
49957,000000166504,"(0, 0, 0.16640625, 0.16640625)"
49969,000000428691,"(0, 0, 0.1671875, 0.1671875)"
49979,000000428726,"(0, 0.334375, 0, 0)"
50026,000000166764,"(0, 0, 0.1671875, 0.1671875)"
50114,000000508456,"(0, 0, 0.125, 0.125)"
50170,000000043829,"(0, 0, 0.1671875, 0.1671875)"
50500,000000168690,"(0, 0, 0.125, 0.125)"
50653,000000169262,"(0.1109375, 0.1109375, 0, 0)"
50734,000000431764,"(0, 0, 0.16640625, 0.16640625)"
50755,000000431825,"(0, 0, 0.125, 0.125)"
50811,000000284987,"(0, 0, 0.1671875, 0.1671875)"
50882,000000028367,"(0, 0, 0.14921875, 0.14921875)"
51051,000000433019,"(0, 0, 0.125, 0.125)"
51052,000000433021,"(0.1421875, 0.1421875, 0, 0)"
51062,000000170917,"(0, 0, 0.125, 0.125)"
51077,000000170968,"(0, 0, 0.125, 0.125)"
51148,000000079701,"(0, 0.25, 0, 0)"
51171,000000171328,"(0, 0, 0.16796875, 0.16796875)"
51185,000000171374,"(0.125, 0.125, 0, 0)"
51521,000000420713,"(0.125, 0.125, 0, 0)"
51745,000000028930,"(0.125, 0.125, 0, 0)"
51788,000000435902,"(0, 0, 0.16796875, 0.16796875)"
51907,000000174213,"(0, 0, 0.16640625, 0.16640625)"
51928,000000174303,"(0, 0, 0.125, 0.125)"
51965,000000436578,"(0, 0, 0.125, 0.125)"
51983,000000174504,"(0, 0, 0.1234375, 0.1234375)"
51988,000000174522,"(0, 0.25, 0, 0)"
52070,000000291280,"(0, 0, 0.125, 0.125)"
52302,000000175715,"(0, 0, 0.16640625, 0.16640625)"
52328,000000437967,"(0, 0, 0.16796875, 0.16796875)"
52394,000000176085,"(0, 0, 0.125, 0.125)"
52527,000000438751,"(0, 0, 0.16640625, 0.16640625)"
52554,000000176728,"(0.16640625, 0.16640625, 0, 0)"
52596,000000176873,"(0, 0, 0.16640625, 0.16640625)"
52652,000000439241,"(0.16640625, 0.16640625, 0, 0)"
52892,000000178031,"(0, 0, 0.16796875, 0.16796875)"
52931,000000440334,"(0.1671875, 0.1671875, 0, 0)"
53052,000000440792,"(0, 0, 0.16640625, 0.16640625)"
53070,000000395740,"(0, 0, 0.1296875, 0.1296875)"
53152,000000179019,"(0.125, 0.125, 0, 0)"
53155,000000441172,"(0, 0, 0.1171875, 0.1171875)"
53157,000000179034,"(0, 0, 0.1453125, 0.1453125)"
53270,000000179480,"(0, 0, 0.125, 0.125)"
53370,000000179914,"(0, 0, 0.0, 0.0)"
53511,000000180410,"(0, 0.334375, 0, 0)"
53570,000000180609,"(0, 0, 0.1078125, 0.1078125)"
53727,000000443377,"(0, 0, 0.1671875, 0.1671875)"
53728,000000204969,"(0, 0, 0.16640625, 0.16640625)"
53773,000000443575,"(0, 0, 0.125, 0.125)"
53858,000000161354,"(0.125, 0.125, 0, 0)"
53881,000000443940,"(0, 0, 0.125, 0.125)"
53891,000000181837,"(0, 0, 0.16796875, 0.16796875)"
54078,000000189388,"(0.15546875, 0.15546875, 0, 0)"
54257,000000445351,"(0.125, 0.125, 0, 0)"
54361,000000445726,"(0, 0, 0.0, 0.0)"
54389,000000183719,"(0, 0, 0.125, 0.125)"
54643,000000184822,"(0, 0, 0.125, 0.125)"
54683,000000447130,"(0, 0, 0.16640625, 0.16640625)"
54698,000000447182,"(0, 0, 0.1671875, 0.1671875)"
54743,000000185225,"(0, 0, 0.1671875, 0.1671875)"
54812,000000036151,"(0, 0.01875, 0, 0)"
54959,000000055764,"(0, 0, 0.125, 0.125)"
55005,000000448401,"(0, 0, 0.1640625, 0.1640625)"
55107,000000442666,"(0, 0, 0.15390625, 0.15390625)"
55163,000000186828,"(0.125, 0.125, 0, 0)"
55405,000000449914,"(0, 0, 0.125, 0.125)"
55408,000000276853,"(0, 0, 0.16640625, 0.16640625)"
55526,000000188225,"(0, 0, 0.1671875, 0.1671875)"
55649,000000188660,"(0, 0, 0.125, 0.125)"
55669,000000450864,"(0, 0, 0.125, 0.125)"
55678,000000450903,"(0, 0, 0.16640625, 0.16640625)"
55680,000000450914,"(0, 0, 0.125, 0.125)"
55857,000000451680,"(0, 0, 0.16640625, 0.16640625)"
55933,000000189794,"(0, 0, 0.1421875, 0.1421875)"
55968,000000189888,"(0, 0, 0.16796875, 0.16796875)"
55969,000000189893,"(0, 0, 0.12265625, 0.12265625)"
56042,000000452341,"(0, 0, 0.1671875, 0.1671875)"
56066,000000190271,"(0, 0, 0.1328125, 0.1328125)"
56126,000000190487,"(0, 0, 0.1671875, 0.1671875)"
56154,000000303133,"(0.125, 0.125, 0, 0)"
56269,000000191005,"(0, 0, 0.16796875, 0.16796875)"
56290,000000453221,"(0, 0.3359375, 0, 0)"
56314,000000468771,"(0, 0, 0.125, 0.125)"
56418,000000453682,"(0, 0, 0.16640625, 0.16640625)"
56454,000000191686,"(0, 0, 0.125, 0.125)"
56471,000000191740,"(0, 0, 0.16640625, 0.16640625)"
56681,000000192631,"(0.125, 0.125, 0, 0)"
56723,000000454915,"(0.16640625, 0.16640625, 0, 0)"
56751,000000455020,"(0, 0, 0.125, 0.125)"
56784,000000193023,"(0, 0, 0.125, 0.125)"
56850,000000193318,"(0, 0.3328125, 0, 0)"
56867,000000193373,"(0, 0, 0.16640625, 0.16640625)"
56911,000000455657,"(0, 0, 0.125, 0.125)"
56948,000000455799,"(0, 0, 0.125, 0.125)"
57046,000000194054,"(0.16640625, 0.16640625, 0, 0)"
57060,000000194108,"(0, 0.25, 0, 0)"
57435,000000338439,"(0, 0.3328125, 0, 0)"
57478,000000195768,"(0, 0, 0.16640625, 0.16640625)"
57542,000000338501,"(0, 0, 0.16640625, 0.16640625)"
57553,000000458178,"(0, 0, 0.125, 0.125)"
57648,000000196365,"(0, 0, 0.16640625, 0.16640625)"
57650,000000196368,"(0.16640625, 0.16640625, 0, 0)"
57681,000000458616,"(0, 0, 0.16484375, 0.16484375)"
57822,000000459190,"(0, 0, 0.0, 0.0)"
57838,000000197118,"(0, 0, 0.1671875, 0.1671875)"
57906,000000197401,"(0, 0, 0.125, 0.125)"
58096,000000460236,"(0, 0, 0.16796875, 0.16796875)"
58144,000000460408,"(0, 0, 0.125, 0.125)"
58164,000000198319,"(0, 0, 0.125, 0.125)"
58187,000000397815,"(0, 0, 0.16640625, 0.16640625)"
58404,000000461428,"(0, 0, 0.1671875, 0.1671875)"
58681,000000200391,"(0, 0, 0.125, 0.125)"
59023,000000201722,"(0, 0, 0.1671875, 0.1671875)"
59039,000000201758,"(0.125, 0.125, 0, 0)"
59046,000000557920,"(0, 0, 0.1671875, 0.1671875)"
59079,000000201969,"(0, 0, 0.125, 0.125)"
59194,000000464616,"(0, 0, 0.16640625, 0.16640625)"
59284,000000202805,"(0, 0.33125, 0, 0)"
59419,000000465412,"(0, 0.33125, 0, 0)"
59585,000000203937,"(0.16796875, 0.16796875, 0, 0)"
59595,000000077686,"(0, 0.25, 0, 0)"
59631,000000466265,"(0, 0, 0.125, 0.125)"
59699,000000204422,"(0, 0, 0.125, 0.125)"
59817,000000204806,"(0, 0, 0.165625, 0.165625)"
59994,000000467646,"(0, 0.25, 0, 0)"
60094,000000205875,"(0, 0, 0.125, 0.125)"
60186,000000468394,"(0, 0, 0.165625, 0.165625)"
60251,000000206467,"(0, 0, 0.16640625, 0.16640625)"
60305,000000468825,"(0, 0, 0.165625, 0.165625)"
60505,000000203615,"(0, 0, 0.1671875, 0.1671875)"
60553,000000469816,"(0, 0, 0.125, 0.125)"
60725,000000129143,"(0, 0.2859375, 0, 0)"
60834,000000470907,"(0.16640625, 0.16640625, 0, 0)"
60845,000000208805,"(0, 0, 0.16640625, 0.16640625)"
60867,000000208849,"(0, 0, 0.13984375, 0.13984375)"
61133,000000034961,"(0, 0, 0.115625, 0.115625)"
61177,000000209919,"(0, 0, 0.12265625, 0.12265625)"
61216,000000210065,"(0, 0, 0.1, 0.1)"
61510,000000341033,"(0, 0, 0.16640625, 0.16640625)"
61513,000000211198,"(0, 0.3359375, 0, 0)"
61677,000000474024,"(0, 0, 0.165625, 0.165625)"
61738,000000207833,"(0, 0, 0.125, 0.125)"
61748,000000474353,"(0, 0.3328125, 0, 0)"
61797,000000212380,"(0, 0.284375, 0, 0)"
61801,000000474545,"(0, 0, 0.125, 0.125)"
61809,000000212440,"(0.1, 0.1, 0, 0)"
61873,000000474827,"(0, 0, 0.125, 0.125)"
61972,000000475236,"(0.052772808586762074, 0.052772808586762074, 0, 0)"
62006,000000122923,"(0, 0, 0.16796875, 0.16796875)"
62015,000000213288,"(0, 0, 0.1671875, 0.1671875)"
62209,000000213988,"(0, 0, 0.16640625, 0.16640625)"
62228,000000214059,"(0, 0, 0.16640625, 0.16640625)"
62275,000000476380,"(0, 0, 0.125, 0.125)"
62302,000000476481,"(0, 0, 0.125, 0.125)"
62365,000000560054,"(0, 0, 0.16640625, 0.16640625)"
62479,000000215023,"(0, 0.25, 0, 0)"
62544,000000215291,"(0, 0, 0.1671875, 0.1671875)"
62561,000000385417,"(0, 0, 0.1671875, 0.1671875)"
62683,000000035972,"(0.16640625, 0.16640625, 0, 0)"
62960,000000479035,"(0, 0, 0.125, 0.125)"
63081,000000444880,"(0.14296875, 0.14296875, 0, 0)"
63182,000000294744,"(0.16640625, 0.16640625, 0, 0)"
63345,000000480601,"(0, 0, 0.16640625, 0.16640625)"
63746,000000429887,"(0.16640625, 0.16640625, 0, 0)"
63825,000000561006,"(0, 0, 0.125, 0.125)"
63931,000000482912,"(0, 0, 0.16796875, 0.16796875)"
63944,000000342639,"(0, 0, 0.125, 0.125)"
64004,000000167908,"(0, 0, 0.1046875, 0.1046875)"
64096,000000221441,"(0, 0, 0.0, 0.0)"
64295,000000484300,"(0, 0, 0.16640625, 0.16640625)"
64483,000000222921,"(0, 0, 0.1671875, 0.1671875)"
64498,000000485113,"(0, 0, 0.16640625, 0.16640625)"
64615,000000223447,"(0, 0, 0.16640625, 0.16640625)"
64621,000000485605,"(0, 0, 0.125, 0.125)"
64687,000000223718,"(0, 0, 0.16640625, 0.16640625)"
64867,000000561677,"(0, 0, 0.16796875, 0.16796875)"
64880,000000486503,"(0, 0, 0.16640625, 0.16640625)"
65010,000000224869,"(0, 0, 0.125, 0.125)"
65148,000000225383,"(0, 0, 0.125, 0.125)"
65187,000000225533,"(0, 0, 0.15, 0.15)"
65253,000000225750,"(0.125, 0.125, 0, 0)"
65267,000000430850,"(0, 0, 0.125, 0.125)"
65376,000000488406,"(0.1671875, 0.1671875, 0, 0)"
65414,000000168803,"(0.1671875, 0.1671875, 0, 0)"
65445,000000488658,"(0, 0, 0.165625, 0.165625)"
65639,000000007567,"(0, 0, 0.13828125, 0.13828125)"
65654,000000227307,"(0, 0, 0.165625, 0.165625)"
65769,000000227733,"(0, 0, 0.16796875, 0.16796875)"
65799,000000227843,"(0, 0, 0.125, 0.125)"
65821,000000227928,"(0, 0, 0.16796875, 0.16796875)"
65872,000000228133,"(0, 0, 0.125, 0.125)"
65920,000000228316,"(0, 0, 0.0703125, 0.0703125)"
65943,000000228380,"(0, 0.3328125, 0, 0)"
66004,000000228565,"(0, 0, 0.16640625, 0.16640625)"
66216,000000491611,"(0, 0, 0.14296875, 0.14296875)"
66278,000000356810,"(0, 0, 0.16484375, 0.16484375)"
66330,000000492037,"(0, 0, 0.12421875, 0.12421875)"
66342,000000229947,"(0, 0, 0.1671875, 0.1671875)"
66421,000000038370,"(0, 0, 0.125, 0.125)"
66464,000000354185,"(0, 0, 0.125, 0.125)"
66479,000000230422,"(0.125, 0.125, 0, 0)"
66489,000000492627,"(0, 0, 0.125, 0.125)"
66580,000000300622,"(0, 0.3328125, 0, 0)"
66773,000000235479,"(0, 0, 0.125, 0.125)"
66836,000000231851,"(0, 0, 0.16484375, 0.16484375)"
66946,000000232277,"(0.16640625, 0.16640625, 0, 0)"
66976,000000494552,"(0, 0, 0.125, 0.125)"
67045,000000232648,"(0, 0, 0.16640625, 0.16640625)"
67113,000000495040,"(0, 0, 0.125, 0.125)"
67204,000000495387,"(0.16640625, 0.16640625, 0, 0)"
67237,000000344729,"(0, 0, 0.16640625, 0.16640625)"
67252,000000495568,"(0, 0, 0.16640625, 0.16640625)"
67295,000000233580,"(0, 0, 0.13828125, 0.13828125)"
67363,000000233873,"(0, 0, 0.125, 0.125)"
67742,000000497464,"(0, 0, 0.103125, 0.103125)"
67802,000000082945,"(0, 0, 0.125, 0.125)"
67829,000000497797,"(0, 0, 0.1671875, 0.1671875)"
68023,000000498615,"(0, 0, 0.16640625, 0.16640625)"
68168,000000237093,"(0, 0, 0.125, 0.125)"
68278,000000499627,"(0.16640625, 0.16640625, 0, 0)"
68339,000000237697,"(0, 0, 0.125, 0.125)"
68418,000000238001,"(0, 0.25, 0, 0)"
68471,000000238201,"(0, 0, 0.16796875, 0.16796875)"
68741,000000239337,"(0, 0, 0.16640625, 0.16640625)"
68814,000000501739,"(0, 0, 0.125, 0.125)"
68842,000000501867,"(0, 0, 0.125, 0.125)"
68858,000000501926,"(0, 0, 0.0, 0.0)"
68897,000000502058,"(0, 0, 0.16328125, 0.16328125)"
69007,000000240278,"(0, 0.25, 0, 0)"
69130,000000502860,"(0.16640625, 0.16640625, 0, 0)"
69214,000000241026,"(0, 0, 0.16640625, 0.16640625)"
69240,000000040187,"(0, 0, 0.16640625, 0.16640625)"
69502,000000242133,"(0, 0, 0.16640625, 0.16640625)"
69614,000000242631,"(0, 0, 0.16640625, 0.16640625)"
69785,000000505486,"(0, 0, 0.125, 0.125)"
69831,000000505643,"(0, 0.2234375, 0, 0)"
69839,000000505661,"(0, 0, 0.125, 0.125)"
69854,000000505738,"(0, 0.33125, 0, 0)"
69918,000000243839,"(0, 0, 0.16640625, 0.16640625)"
70038,000000244334,"(0, 0, 0.16640625, 0.16640625)"
70075,000000244476,"(0, 0, 0.16796875, 0.16796875)"
70095,000000244578,"(0, 0, 0.0, 0.0)"
70193,000000244967,"(0, 0.25, 0, 0)"
70232,000000434069,"(0, 0, 0.16484375, 0.16484375)"
70335,000000507642,"(0.16484375, 0.16484375, 0, 0)"
70360,000000507789,"(0.125, 0.125, 0, 0)"
70427,000000245895,"(0, 0, 0.14296875, 0.14296875)"
70505,000000246166,"(0, 0, 0.16796875, 0.16796875)"
70589,000000508612,"(0, 0, 0.125, 0.125)"
70758,000000247121,"(0, 0, 0.125, 0.125)"
70764,000000509292,"(0, 0, 0.125, 0.125)"
71186,000000510900,"(0, 0.25, 0, 0)"
71229,000000303637,"(0, 0, 0.16796875, 0.16796875)"
71232,000000511127,"(0, 0, 0.125, 0.125)"
71241,000000511165,"(0, 0, 0.125, 0.125)"
71410,000000216378,"(0, 0, 0.1671875, 0.1671875)"
71450,000000249905,"(0, 0, 0.125, 0.125)"
71753,000000251084,"(0.165625, 0.165625, 0, 0)"
71894,000000304092,"(0, 0, 0.125, 0.125)"
71928,000000251818,"(0, 0.284375, 0, 0)"
72015,000000252160,"(0, 0, 0.16796875, 0.16796875)"
72080,000000514563,"(0, 0, 0.125, 0.125)"
72170,000000514955,"(0, 0, 0.125, 0.125)"
72209,000000515102,"(0, 0, 0.165625, 0.165625)"
72257,000000515296,"(0, 0, 0.125, 0.125)"
72312,000000515508,"(0, 0, 0.125, 0.125)"
72510,000000254130,"(0, 0, 0.16640625, 0.16640625)"
72605,000000516634,"(0.125, 0.125, 0, 0)"
72719,000000304627,"(0.125, 0.125, 0, 0)"
72948,000000517878,"(0, 0, 0.165625, 0.165625)"
